insert into persona (id_persona, no_persona, ap_persona, am_persona, nu_documento, de_genero, id_tipo_documento) values (551, 'Amalia', 'Alarcón', 'Calderón', '00000551', 'M', '01');
insert into persona (id_persona, no_persona, ap_persona, am_persona, nu_documento, de_genero, id_tipo_documento) values (552, 'Virginia', 'Arenas', 'Haro', '00000552', 'M', '01');
insert into persona (id_persona, no_persona, ap_persona, am_persona, nu_documento, de_genero, id_tipo_documento) values (553, 'Gustavo', 'Briseño', 'Peres', '00000553', 'H', '01');
insert into persona (id_persona, no_persona, ap_persona, am_persona, nu_documento, de_genero, id_tipo_documento) values (554, 'René', 'Fuentes', 'Villaseñor', '00000554', 'H', '01');
insert into persona (id_persona, no_persona, ap_persona, am_persona, nu_documento, de_genero, id_tipo_documento) values (555, 'Rosa', 'Toledo', 'Mares', '00000555', 'M', '01');
insert into persona (id_persona, no_persona, ap_persona, am_persona, nu_documento, de_genero, id_tipo_documento) values (556, 'Juan Carlos', 'Quintero', 'Peralta', '00000556', 'H', '01');
insert into persona (id_persona, no_persona, ap_persona, am_persona, nu_documento, de_genero, id_tipo_documento) values (557, 'Rolando', 'Villegas', 'Lugo', '00000557', 'H', '01');
insert into persona (id_persona, no_persona, ap_persona, am_persona, nu_documento, de_genero, id_tipo_documento) values (558, 'Carmen', 'Fajardo', 'Cervántez', '00000558', 'M', '01');
insert into persona (id_persona, no_persona, ap_persona, am_persona, nu_documento, de_genero, id_tipo_documento) values (559, 'Lorenzo', 'Paredes', 'Casares', '00000559', 'H', '01');
insert into persona (id_persona, no_persona, ap_persona, am_persona, nu_documento, de_genero, id_tipo_documento) values (560, 'Minerva', 'Pabón', 'Orta', '00000560', 'M', '01');
insert into persona (id_persona, no_persona, ap_persona, am_persona, nu_documento, de_genero, id_tipo_documento) values (561, 'Fernando', 'Urrutia', 'Arellano', '00000561', 'H', '01');
insert into persona (id_persona, no_persona, ap_persona, am_persona, nu_documento, de_genero, id_tipo_documento) values (562, 'Perla', 'Amaya', 'Durán', '00000562', 'M', '01');
insert into persona (id_persona, no_persona, ap_persona, am_persona, nu_documento, de_genero, id_tipo_documento) values (563, 'Yuridia', 'Medina', 'Rivera', '00000563', 'M', '01');
insert into persona (id_persona, no_persona, ap_persona, am_persona, nu_documento, de_genero, id_tipo_documento) values (564, 'Evelio', 'Casillas', 'Ponce', '00000564', 'H', '01');
insert into persona (id_persona, no_persona, ap_persona, am_persona, nu_documento, de_genero, id_tipo_documento) values (565, 'Victoria', 'Jaramillo', 'Urbina', '00000565', 'M', '01');
insert into persona (id_persona, no_persona, ap_persona, am_persona, nu_documento, de_genero, id_tipo_documento) values (566, 'Antonia', 'Zaragoza', 'Franco', '00000566', 'M', '01');
insert into persona (id_persona, no_persona, ap_persona, am_persona, nu_documento, de_genero, id_tipo_documento) values (567, 'José Carlos', 'Fernández', 'Florez', '00000567', 'H', '01');
insert into persona (id_persona, no_persona, ap_persona, am_persona, nu_documento, de_genero, id_tipo_documento) values (568, 'Miguel', 'Irizarry', 'León', '00000568', 'H', '01');
insert into persona (id_persona, no_persona, ap_persona, am_persona, nu_documento, de_genero, id_tipo_documento) values (569, 'Carlota', 'Reséndez', 'Alonso', '00000569', 'M', '01');
insert into persona (id_persona, no_persona, ap_persona, am_persona, nu_documento, de_genero, id_tipo_documento) values (570, 'Iván', 'Estévez', 'Corral', '00000570', 'H', '01');
insert into persona (id_persona, no_persona, ap_persona, am_persona, nu_documento, de_genero, id_tipo_documento) values (571, 'Gracia', 'Olivio', 'Maldonado', '00000571', 'M', '01');
insert into persona (id_persona, no_persona, ap_persona, am_persona, nu_documento, de_genero, id_tipo_documento) values (572, 'Mayte', 'Almanza', 'Gurule', '00000572', 'M', '01');
insert into persona (id_persona, no_persona, ap_persona, am_persona, nu_documento, de_genero, id_tipo_documento) values (573, 'María', 'Villa', 'Morales', '00000573', 'M', '01');
insert into persona (id_persona, no_persona, ap_persona, am_persona, nu_documento, de_genero, id_tipo_documento) values (574, 'Caridad', 'Orellana', 'Gil', '00000574', 'M', '01');
insert into persona (id_persona, no_persona, ap_persona, am_persona, nu_documento, de_genero, id_tipo_documento) values (575, 'Eduardo', 'Montero', 'Longoria', '00000575', 'H', '01');
insert into persona (id_persona, no_persona, ap_persona, am_persona, nu_documento, de_genero, id_tipo_documento) values (576, 'Wilfredo', 'Ordóñez', 'Alfaro', '00000576', 'H', '01');
insert into persona (id_persona, no_persona, ap_persona, am_persona, nu_documento, de_genero, id_tipo_documento) values (577, 'Estela', 'Granado', 'Peres', '00000577', 'M', '01');
insert into persona (id_persona, no_persona, ap_persona, am_persona, nu_documento, de_genero, id_tipo_documento) values (578, 'Guadalupe', 'Guzmán', 'Beltrán', '00000578', 'M', '01');
insert into persona (id_persona, no_persona, ap_persona, am_persona, nu_documento, de_genero, id_tipo_documento) values (579, 'Mariano', 'Reséndez', 'Pulido', '00000579', 'H', '01');
insert into persona (id_persona, no_persona, ap_persona, am_persona, nu_documento, de_genero, id_tipo_documento) values (580, 'Sergio', 'Villarreal', 'Montenegro', '00000580', 'H', '01');
insert into persona (id_persona, no_persona, ap_persona, am_persona, nu_documento, de_genero, id_tipo_documento) values (581, 'Beatriz', 'Olvera', 'Sanches', '00000581', 'M', '01');
insert into persona (id_persona, no_persona, ap_persona, am_persona, nu_documento, de_genero, id_tipo_documento) values (582, 'Eloisa', 'Trejo', 'Rico', '00000582', 'M', '01');
insert into persona (id_persona, no_persona, ap_persona, am_persona, nu_documento, de_genero, id_tipo_documento) values (583, 'Blanca', 'Almaraz', 'Téllez', '00000583', 'M', '01');

alter sequence persona_id_persona_seq restart with 584;

insert into trabajador (id_trabajador, id_persona, co_cargo) values (10, 551, 'DO');
insert into trabajador (id_trabajador, id_persona, co_cargo) values (11, 552, 'DO');
insert into trabajador (id_trabajador, id_persona, co_cargo) values (12, 553, 'DO');
insert into trabajador (id_trabajador, id_persona, co_cargo) values (13, 554, 'DO');
insert into trabajador (id_trabajador, id_persona, co_cargo) values (14, 555, 'DO');
insert into trabajador (id_trabajador, id_persona, co_cargo) values (15, 556, 'DO');
insert into trabajador (id_trabajador, id_persona, co_cargo) values (16, 557, 'DO');
insert into trabajador (id_trabajador, id_persona, co_cargo) values (17, 558, 'DO');
insert into trabajador (id_trabajador, id_persona, co_cargo) values (18, 559, 'DO');
insert into trabajador (id_trabajador, id_persona, co_cargo) values (19, 560, 'DO');
insert into trabajador (id_trabajador, id_persona, co_cargo) values (20, 561, 'DO');
insert into trabajador (id_trabajador, id_persona, co_cargo) values (21, 562, 'DO');
insert into trabajador (id_trabajador, id_persona, co_cargo) values (22, 563, 'DO');
insert into trabajador (id_trabajador, id_persona, co_cargo) values (23, 564, 'DO');
insert into trabajador (id_trabajador, id_persona, co_cargo) values (24, 565, 'DO');
insert into trabajador (id_trabajador, id_persona, co_cargo) values (25, 566, 'DO');
insert into trabajador (id_trabajador, id_persona, co_cargo) values (26, 567, 'DO');
insert into trabajador (id_trabajador, id_persona, co_cargo) values (27, 568, 'DO');
insert into trabajador (id_trabajador, id_persona, co_cargo) values (28, 569, 'DO');
insert into trabajador (id_trabajador, id_persona, co_cargo) values (29, 570, 'DO');
insert into trabajador (id_trabajador, id_persona, co_cargo) values (30, 571, 'DO');
insert into trabajador (id_trabajador, id_persona, co_cargo) values (31, 572, 'DO');
insert into trabajador (id_trabajador, id_persona, co_cargo) values (32, 573, 'DO');
insert into trabajador (id_trabajador, id_persona, co_cargo) values (33, 574, 'DO');
insert into trabajador (id_trabajador, id_persona, co_cargo) values (34, 575, 'DO');
insert into trabajador (id_trabajador, id_persona, co_cargo) values (35, 576, 'DO');
insert into trabajador (id_trabajador, id_persona, co_cargo) values (36, 577, 'DO');
insert into trabajador (id_trabajador, id_persona, co_cargo) values (37, 578, 'DO');
insert into trabajador (id_trabajador, id_persona, co_cargo) values (38, 580, 'DO');
insert into trabajador (id_trabajador, id_persona, co_cargo) values (39, 581, 'DO');
insert into trabajador (id_trabajador, id_persona, co_cargo) values (40, 582, 'DO');
insert into trabajador (id_trabajador, id_persona, co_cargo) values (41, 583, 'DO');

alter sequence trabajador_id_trabajador_seq restart with 42;

insert into planilla (id_planilla, id_periodo_academico, id_trabajador) values (1, 1, 10);
insert into planilla (id_planilla, id_periodo_academico, id_trabajador) values (2, 1, 11);
insert into planilla (id_planilla, id_periodo_academico, id_trabajador) values (3, 1, 12);
insert into planilla (id_planilla, id_periodo_academico, id_trabajador) values (4, 1, 13);
insert into planilla (id_planilla, id_periodo_academico, id_trabajador) values (5, 1, 14);
insert into planilla (id_planilla, id_periodo_academico, id_trabajador) values (6, 1, 15);
insert into planilla (id_planilla, id_periodo_academico, id_trabajador) values (7, 1, 16);
insert into planilla (id_planilla, id_periodo_academico, id_trabajador) values (8, 1, 17);
insert into planilla (id_planilla, id_periodo_academico, id_trabajador) values (9, 1, 18);
insert into planilla (id_planilla, id_periodo_academico, id_trabajador) values (10, 1, 19);
insert into planilla (id_planilla, id_periodo_academico, id_trabajador) values (11, 1, 20);
insert into planilla (id_planilla, id_periodo_academico, id_trabajador) values (12, 1, 21);
insert into planilla (id_planilla, id_periodo_academico, id_trabajador) values (13, 1, 22);
insert into planilla (id_planilla, id_periodo_academico, id_trabajador) values (14, 1, 23);
insert into planilla (id_planilla, id_periodo_academico, id_trabajador) values (15, 1, 24);
insert into planilla (id_planilla, id_periodo_academico, id_trabajador) values (16, 1, 25);
insert into planilla (id_planilla, id_periodo_academico, id_trabajador) values (17, 1, 26);
insert into planilla (id_planilla, id_periodo_academico, id_trabajador) values (18, 1, 27);
insert into planilla (id_planilla, id_periodo_academico, id_trabajador) values (19, 1, 28);
insert into planilla (id_planilla, id_periodo_academico, id_trabajador) values (20, 1, 29);
insert into planilla (id_planilla, id_periodo_academico, id_trabajador) values (21, 1, 30);
insert into planilla (id_planilla, id_periodo_academico, id_trabajador) values (22, 1, 31);
insert into planilla (id_planilla, id_periodo_academico, id_trabajador) values (23, 1, 32);
insert into planilla (id_planilla, id_periodo_academico, id_trabajador) values (24, 1, 33);
insert into planilla (id_planilla, id_periodo_academico, id_trabajador) values (25, 1, 34);
insert into planilla (id_planilla, id_periodo_academico, id_trabajador) values (26, 1, 35);
insert into planilla (id_planilla, id_periodo_academico, id_trabajador) values (27, 1, 36);
insert into planilla (id_planilla, id_periodo_academico, id_trabajador) values (28, 1, 37);
insert into planilla (id_planilla, id_periodo_academico, id_trabajador) values (29, 1, 38);
insert into planilla (id_planilla, id_periodo_academico, id_trabajador) values (30, 1, 39);

insert into planilla (id_planilla, id_periodo_academico, id_trabajador) values (31, 2, 10);
insert into planilla (id_planilla, id_periodo_academico, id_trabajador) values (32, 2, 11);
insert into planilla (id_planilla, id_periodo_academico, id_trabajador) values (33, 2, 12);
insert into planilla (id_planilla, id_periodo_academico, id_trabajador) values (34, 2, 13);
insert into planilla (id_planilla, id_periodo_academico, id_trabajador) values (35, 2, 40);
insert into planilla (id_planilla, id_periodo_academico, id_trabajador) values (36, 2, 15);
insert into planilla (id_planilla, id_periodo_academico, id_trabajador) values (37, 2, 16);
insert into planilla (id_planilla, id_periodo_academico, id_trabajador) values (38, 2, 17);
insert into planilla (id_planilla, id_periodo_academico, id_trabajador) values (39, 2, 18);
insert into planilla (id_planilla, id_periodo_academico, id_trabajador) values (40, 2, 19);
insert into planilla (id_planilla, id_periodo_academico, id_trabajador) values (41, 2, 22);
insert into planilla (id_planilla, id_periodo_academico, id_trabajador) values (42, 2, 23);
insert into planilla (id_planilla, id_periodo_academico, id_trabajador) values (43, 2, 26);
insert into planilla (id_planilla, id_periodo_academico, id_trabajador) values (44, 2, 27);
insert into planilla (id_planilla, id_periodo_academico, id_trabajador) values (45, 2, 28);
insert into planilla (id_planilla, id_periodo_academico, id_trabajador) values (46, 2, 29);
insert into planilla (id_planilla, id_periodo_academico, id_trabajador) values (47, 2, 32);
insert into planilla (id_planilla, id_periodo_academico, id_trabajador) values (48, 2, 33);
insert into planilla (id_planilla, id_periodo_academico, id_trabajador) values (49, 2, 34);
insert into planilla (id_planilla, id_periodo_academico, id_trabajador) values (50, 2, 36);
insert into planilla (id_planilla, id_periodo_academico, id_trabajador) values (51, 2, 38);
insert into planilla (id_planilla, id_periodo_academico, id_trabajador) values (52, 2, 39);

insert into planilla (id_planilla, id_periodo_academico, id_trabajador) values (53, 3, 10);
insert into planilla (id_planilla, id_periodo_academico, id_trabajador) values (54, 3, 11);
insert into planilla (id_planilla, id_periodo_academico, id_trabajador) values (55, 3, 40);
insert into planilla (id_planilla, id_periodo_academico, id_trabajador) values (56, 3, 15);
insert into planilla (id_planilla, id_periodo_academico, id_trabajador) values (57, 3, 16);
insert into planilla (id_planilla, id_periodo_academico, id_trabajador) values (58, 3, 17);
insert into planilla (id_planilla, id_periodo_academico, id_trabajador) values (59, 3, 18);
insert into planilla (id_planilla, id_periodo_academico, id_trabajador) values (60, 3, 19);
insert into planilla (id_planilla, id_periodo_academico, id_trabajador) values (61, 3, 22);
insert into planilla (id_planilla, id_periodo_academico, id_trabajador) values (62, 3, 23);
insert into planilla (id_planilla, id_periodo_academico, id_trabajador) values (63, 3, 26);
insert into planilla (id_planilla, id_periodo_academico, id_trabajador) values (64, 3, 27);
insert into planilla (id_planilla, id_periodo_academico, id_trabajador) values (65, 3, 28);
insert into planilla (id_planilla, id_periodo_academico, id_trabajador) values (66, 3, 29);
insert into planilla (id_planilla, id_periodo_academico, id_trabajador) values (67, 3, 33);
insert into planilla (id_planilla, id_periodo_academico, id_trabajador) values (68, 3, 34);
insert into planilla (id_planilla, id_periodo_academico, id_trabajador) values (69, 3, 41);
insert into planilla (id_planilla, id_periodo_academico, id_trabajador) values (70, 3, 36);
insert into planilla (id_planilla, id_periodo_academico, id_trabajador) values (71, 3, 38);
insert into planilla (id_planilla, id_periodo_academico, id_trabajador) values (72, 3, 39);

alter sequence planilla_id_planilla_seq restart with 42;

insert into asignacion_docente (id_asignacion_docente, id_planilla, id_aula, id_curso, fe_asignacion) values (1, 19, 3, 1, '2016-01-01');
insert into asignacion_docente (id_asignacion_docente, id_planilla, id_aula, id_curso, fe_asignacion) values (2, 1, 3, 2, '2016-01-01');
insert into asignacion_docente (id_asignacion_docente, id_planilla, id_aula, id_curso, fe_asignacion) values (3, 8, 3, 3, '2016-01-01');
insert into asignacion_docente (id_asignacion_docente, id_planilla, id_aula, id_curso, fe_asignacion) values (4, 6, 3, 4, '2016-01-01');
insert into asignacion_docente (id_asignacion_docente, id_planilla, id_aula, id_curso, fe_asignacion) values (5, 13, 3, 5, '2016-01-01');
insert into asignacion_docente (id_asignacion_docente, id_planilla, id_aula, id_curso, fe_asignacion) values (6, 30, 3, 6, '2016-01-01');
insert into asignacion_docente (id_asignacion_docente, id_planilla, id_aula, id_curso, fe_asignacion) values (7, 29, 3, 7, '2016-01-01');
insert into asignacion_docente (id_asignacion_docente, id_planilla, id_aula, id_curso, fe_asignacion) values (8, 9, 3, 8, '2016-01-01');
insert into asignacion_docente (id_asignacion_docente, id_planilla, id_aula, id_curso, fe_asignacion) values (9, 25, 3, 9, '2016-01-01');
insert into asignacion_docente (id_asignacion_docente, id_planilla, id_aula, id_curso, fe_asignacion) values (10, 27, 3, 10, '2016-01-01');
insert into asignacion_docente (id_asignacion_docente, id_planilla, id_aula, id_curso, fe_asignacion) values (11, 3, 3, 11, '2016-01-01');
insert into asignacion_docente (id_asignacion_docente, id_planilla, id_aula, id_curso, fe_asignacion) values (12, 19, 4, 1, '2016-01-01');
insert into asignacion_docente (id_asignacion_docente, id_planilla, id_aula, id_curso, fe_asignacion) values (13, 1, 4, 2, '2016-01-01');
insert into asignacion_docente (id_asignacion_docente, id_planilla, id_aula, id_curso, fe_asignacion) values (14, 8, 4, 3, '2016-01-01');
insert into asignacion_docente (id_asignacion_docente, id_planilla, id_aula, id_curso, fe_asignacion) values (15, 6, 4, 4, '2016-01-01');
insert into asignacion_docente (id_asignacion_docente, id_planilla, id_aula, id_curso, fe_asignacion) values (16, 13, 4, 5, '2016-01-01');
insert into asignacion_docente (id_asignacion_docente, id_planilla, id_aula, id_curso, fe_asignacion) values (17, 28, 4, 6, '2016-01-01');
insert into asignacion_docente (id_asignacion_docente, id_planilla, id_aula, id_curso, fe_asignacion) values (18, 29, 4, 7, '2016-01-01');
insert into asignacion_docente (id_asignacion_docente, id_planilla, id_aula, id_curso, fe_asignacion) values (19, 9, 4, 8, '2016-01-01');
insert into asignacion_docente (id_asignacion_docente, id_planilla, id_aula, id_curso, fe_asignacion) values (20, 25, 4, 9, '2016-01-01');
insert into asignacion_docente (id_asignacion_docente, id_planilla, id_aula, id_curso, fe_asignacion) values (21, 27, 4, 10, '2016-01-01');
insert into asignacion_docente (id_asignacion_docente, id_planilla, id_aula, id_curso, fe_asignacion) values (22, 3, 4, 11, '2016-01-01');
insert into asignacion_docente (id_asignacion_docente, id_planilla, id_aula, id_curso, fe_asignacion) values (23, 14, 5, 1, '2016-01-01');
insert into asignacion_docente (id_asignacion_docente, id_planilla, id_aula, id_curso, fe_asignacion) values (24, 10, 5, 2, '2016-01-01');
insert into asignacion_docente (id_asignacion_docente, id_planilla, id_aula, id_curso, fe_asignacion) values (25, 8, 5, 3, '2016-01-01');
insert into asignacion_docente (id_asignacion_docente, id_planilla, id_aula, id_curso, fe_asignacion) values (26, 6, 5, 4, '2016-01-01');
insert into asignacion_docente (id_asignacion_docente, id_planilla, id_aula, id_curso, fe_asignacion) values (27, 30, 5, 5, '2016-01-01');
insert into asignacion_docente (id_asignacion_docente, id_planilla, id_aula, id_curso, fe_asignacion) values (28, 13, 5, 6, '2016-01-01');
insert into asignacion_docente (id_asignacion_docente, id_planilla, id_aula, id_curso, fe_asignacion) values (29, 29, 5, 7, '2016-01-01');
insert into asignacion_docente (id_asignacion_docente, id_planilla, id_aula, id_curso, fe_asignacion) values (30, 9, 5, 8, '2016-01-01');
insert into asignacion_docente (id_asignacion_docente, id_planilla, id_aula, id_curso, fe_asignacion) values (31, 25, 5, 9, '2016-01-01');
insert into asignacion_docente (id_asignacion_docente, id_planilla, id_aula, id_curso, fe_asignacion) values (32, 18, 5, 10, '2016-01-01');
insert into asignacion_docente (id_asignacion_docente, id_planilla, id_aula, id_curso, fe_asignacion) values (33, 3, 5, 11, '2016-01-01');
insert into asignacion_docente (id_asignacion_docente, id_planilla, id_aula, id_curso, fe_asignacion) values (34, 14, 8, 1, '2016-01-01');
insert into asignacion_docente (id_asignacion_docente, id_planilla, id_aula, id_curso, fe_asignacion) values (35, 2, 8, 2, '2016-01-01');
insert into asignacion_docente (id_asignacion_docente, id_planilla, id_aula, id_curso, fe_asignacion) values (36, 8, 8, 3, '2016-01-01');
insert into asignacion_docente (id_asignacion_docente, id_planilla, id_aula, id_curso, fe_asignacion) values (37, 6, 8, 4, '2016-01-01');
insert into asignacion_docente (id_asignacion_docente, id_planilla, id_aula, id_curso, fe_asignacion) values (38, 30, 8, 5, '2016-01-01');
insert into asignacion_docente (id_asignacion_docente, id_planilla, id_aula, id_curso, fe_asignacion) values (39, 13, 8, 6, '2016-01-01');
insert into asignacion_docente (id_asignacion_docente, id_planilla, id_aula, id_curso, fe_asignacion) values (40, 29, 8, 7, '2016-01-01');
insert into asignacion_docente (id_asignacion_docente, id_planilla, id_aula, id_curso, fe_asignacion) values (41, 9, 8, 8, '2016-01-01');
insert into asignacion_docente (id_asignacion_docente, id_planilla, id_aula, id_curso, fe_asignacion) values (42, 25, 8, 9, '2016-01-01');
insert into asignacion_docente (id_asignacion_docente, id_planilla, id_aula, id_curso, fe_asignacion) values (43, 18, 8, 10, '2016-01-01');
insert into asignacion_docente (id_asignacion_docente, id_planilla, id_aula, id_curso, fe_asignacion) values (44, 3, 8, 11, '2016-01-01');
insert into asignacion_docente (id_asignacion_docente, id_planilla, id_aula, id_curso, fe_asignacion) values (45, 14, 9, 1, '2016-01-01');
insert into asignacion_docente (id_asignacion_docente, id_planilla, id_aula, id_curso, fe_asignacion) values (46, 2, 9, 2, '2016-01-01');
insert into asignacion_docente (id_asignacion_docente, id_planilla, id_aula, id_curso, fe_asignacion) values (47, 8, 9, 3, '2016-01-01');
insert into asignacion_docente (id_asignacion_docente, id_planilla, id_aula, id_curso, fe_asignacion) values (48, 6, 9, 4, '2016-01-01');
insert into asignacion_docente (id_asignacion_docente, id_planilla, id_aula, id_curso, fe_asignacion) values (49, 30, 9, 5, '2016-01-01');
insert into asignacion_docente (id_asignacion_docente, id_planilla, id_aula, id_curso, fe_asignacion) values (50, 13, 9, 6, '2016-01-01');
insert into asignacion_docente (id_asignacion_docente, id_planilla, id_aula, id_curso, fe_asignacion) values (51, 29, 9, 7, '2016-01-01');
insert into asignacion_docente (id_asignacion_docente, id_planilla, id_aula, id_curso, fe_asignacion) values (52, 9, 9, 8, '2016-01-01');
insert into asignacion_docente (id_asignacion_docente, id_planilla, id_aula, id_curso, fe_asignacion) values (53, 25, 9, 9, '2016-01-01');
insert into asignacion_docente (id_asignacion_docente, id_planilla, id_aula, id_curso, fe_asignacion) values (54, 18, 9, 10, '2016-01-01');
insert into asignacion_docente (id_asignacion_docente, id_planilla, id_aula, id_curso, fe_asignacion) values (55, 3, 9, 11, '2016-01-01');
insert into asignacion_docente (id_asignacion_docente, id_planilla, id_aula, id_curso, fe_asignacion) values (56, 19, 10, 1, '2016-01-01');
insert into asignacion_docente (id_asignacion_docente, id_planilla, id_aula, id_curso, fe_asignacion) values (57, 2, 10, 2, '2016-01-01');
insert into asignacion_docente (id_asignacion_docente, id_planilla, id_aula, id_curso, fe_asignacion) values (58, 8, 10, 3, '2016-01-01');
insert into asignacion_docente (id_asignacion_docente, id_planilla, id_aula, id_curso, fe_asignacion) values (59, 6, 10, 4, '2016-01-01');
insert into asignacion_docente (id_asignacion_docente, id_planilla, id_aula, id_curso, fe_asignacion) values (60, 13, 10, 5, '2016-01-01');
insert into asignacion_docente (id_asignacion_docente, id_planilla, id_aula, id_curso, fe_asignacion) values (61, 28, 10, 6, '2016-01-01');
insert into asignacion_docente (id_asignacion_docente, id_planilla, id_aula, id_curso, fe_asignacion) values (62, 29, 10, 7, '2016-01-01');
insert into asignacion_docente (id_asignacion_docente, id_planilla, id_aula, id_curso, fe_asignacion) values (63, 9, 10, 8, '2016-01-01');
insert into asignacion_docente (id_asignacion_docente, id_planilla, id_aula, id_curso, fe_asignacion) values (64, 25, 10, 9, '2016-01-01');
insert into asignacion_docente (id_asignacion_docente, id_planilla, id_aula, id_curso, fe_asignacion) values (65, 27, 10, 10, '2016-01-01');
insert into asignacion_docente (id_asignacion_docente, id_planilla, id_aula, id_curso, fe_asignacion) values (66, 28, 10, 11, '2016-01-01');
insert into asignacion_docente (id_asignacion_docente, id_planilla, id_aula, id_curso, fe_asignacion) values (67, 19, 11, 1, '2016-01-01');
insert into asignacion_docente (id_asignacion_docente, id_planilla, id_aula, id_curso, fe_asignacion) values (68, 2, 11, 2, '2016-01-01');
insert into asignacion_docente (id_asignacion_docente, id_planilla, id_aula, id_curso, fe_asignacion) values (69, 8, 11, 3, '2016-01-01');
insert into asignacion_docente (id_asignacion_docente, id_planilla, id_aula, id_curso, fe_asignacion) values (70, 6, 11, 4, '2016-01-01');
insert into asignacion_docente (id_asignacion_docente, id_planilla, id_aula, id_curso, fe_asignacion) values (71, 13, 11, 5, '2016-01-01');
insert into asignacion_docente (id_asignacion_docente, id_planilla, id_aula, id_curso, fe_asignacion) values (72, 28, 11, 6, '2016-01-01');
insert into asignacion_docente (id_asignacion_docente, id_planilla, id_aula, id_curso, fe_asignacion) values (73, 29, 11, 7, '2016-01-01');
insert into asignacion_docente (id_asignacion_docente, id_planilla, id_aula, id_curso, fe_asignacion) values (74, 9, 11, 8, '2016-01-01');
insert into asignacion_docente (id_asignacion_docente, id_planilla, id_aula, id_curso, fe_asignacion) values (75, 25, 11, 9, '2016-01-01');
insert into asignacion_docente (id_asignacion_docente, id_planilla, id_aula, id_curso, fe_asignacion) values (76, 27, 11, 10, '2016-01-01');
insert into asignacion_docente (id_asignacion_docente, id_planilla, id_aula, id_curso, fe_asignacion) values (77, 28, 11, 11, '2016-01-01');
insert into asignacion_docente (id_asignacion_docente, id_planilla, id_aula, id_curso, fe_asignacion) values (78, 20, 12, 1, '2016-01-01');
insert into asignacion_docente (id_asignacion_docente, id_planilla, id_aula, id_curso, fe_asignacion) values (79, 10, 12, 2, '2016-01-01');
insert into asignacion_docente (id_asignacion_docente, id_planilla, id_aula, id_curso, fe_asignacion) values (80, 8, 12, 3, '2016-01-01');
insert into asignacion_docente (id_asignacion_docente, id_planilla, id_aula, id_curso, fe_asignacion) values (81, 6, 12, 4, '2016-01-01');
insert into asignacion_docente (id_asignacion_docente, id_planilla, id_aula, id_curso, fe_asignacion) values (82, 30, 12, 5, '2016-01-01');
insert into asignacion_docente (id_asignacion_docente, id_planilla, id_aula, id_curso, fe_asignacion) values (83, 13, 12, 6, '2016-01-01');
insert into asignacion_docente (id_asignacion_docente, id_planilla, id_aula, id_curso, fe_asignacion) values (84, 29, 12, 7, '2016-01-01');
insert into asignacion_docente (id_asignacion_docente, id_planilla, id_aula, id_curso, fe_asignacion) values (85, 9, 12, 8, '2016-01-01');
insert into asignacion_docente (id_asignacion_docente, id_planilla, id_aula, id_curso, fe_asignacion) values (86, 25, 12, 9, '2016-01-01');
insert into asignacion_docente (id_asignacion_docente, id_planilla, id_aula, id_curso, fe_asignacion) values (87, 18, 12, 10, '2016-01-01');
insert into asignacion_docente (id_asignacion_docente, id_planilla, id_aula, id_curso, fe_asignacion) values (88, 3, 12, 11, '2016-01-01');
insert into asignacion_docente (id_asignacion_docente, id_planilla, id_aula, id_curso, fe_asignacion) values (89, 20, 1, 1, '2016-01-01');
insert into asignacion_docente (id_asignacion_docente, id_planilla, id_aula, id_curso, fe_asignacion) values (90, 10, 1, 2, '2016-01-01');
insert into asignacion_docente (id_asignacion_docente, id_planilla, id_aula, id_curso, fe_asignacion) values (91, 8, 1, 3, '2016-01-01');
insert into asignacion_docente (id_asignacion_docente, id_planilla, id_aula, id_curso, fe_asignacion) values (92, 6, 1, 4, '2016-01-01');
insert into asignacion_docente (id_asignacion_docente, id_planilla, id_aula, id_curso, fe_asignacion) values (93, 30, 1, 5, '2016-01-01');
insert into asignacion_docente (id_asignacion_docente, id_planilla, id_aula, id_curso, fe_asignacion) values (94, 13, 1, 6, '2016-01-01');
insert into asignacion_docente (id_asignacion_docente, id_planilla, id_aula, id_curso, fe_asignacion) values (95, 29, 1, 7, '2016-01-01');
insert into asignacion_docente (id_asignacion_docente, id_planilla, id_aula, id_curso, fe_asignacion) values (96, 9, 1, 8, '2016-01-01');
insert into asignacion_docente (id_asignacion_docente, id_planilla, id_aula, id_curso, fe_asignacion) values (97, 25, 1, 9, '2016-01-01');
insert into asignacion_docente (id_asignacion_docente, id_planilla, id_aula, id_curso, fe_asignacion) values (98, 18, 1, 10, '2016-01-01');
insert into asignacion_docente (id_asignacion_docente, id_planilla, id_aula, id_curso, fe_asignacion) values (99, 3, 1, 11, '2016-01-01');
insert into asignacion_docente (id_asignacion_docente, id_planilla, id_aula, id_curso, fe_asignacion) values (100, 14, 2, 1, '2016-01-01');
insert into asignacion_docente (id_asignacion_docente, id_planilla, id_aula, id_curso, fe_asignacion) values (101, 10, 2, 2, '2016-01-01');
insert into asignacion_docente (id_asignacion_docente, id_planilla, id_aula, id_curso, fe_asignacion) values (102, 8, 2, 3, '2016-01-01');
insert into asignacion_docente (id_asignacion_docente, id_planilla, id_aula, id_curso, fe_asignacion) values (103, 6, 2, 4, '2016-01-01');
insert into asignacion_docente (id_asignacion_docente, id_planilla, id_aula, id_curso, fe_asignacion) values (104, 30, 2, 5, '2016-01-01');
insert into asignacion_docente (id_asignacion_docente, id_planilla, id_aula, id_curso, fe_asignacion) values (105, 13, 2, 6, '2016-01-01');
insert into asignacion_docente (id_asignacion_docente, id_planilla, id_aula, id_curso, fe_asignacion) values (106, 29, 2, 7, '2016-01-01');
insert into asignacion_docente (id_asignacion_docente, id_planilla, id_aula, id_curso, fe_asignacion) values (107, 9, 2, 8, '2016-01-01');
insert into asignacion_docente (id_asignacion_docente, id_planilla, id_aula, id_curso, fe_asignacion) values (108, 25, 2, 9, '2016-01-01');
insert into asignacion_docente (id_asignacion_docente, id_planilla, id_aula, id_curso, fe_asignacion) values (109, 18, 2, 10, '2016-01-01');
insert into asignacion_docente (id_asignacion_docente, id_planilla, id_aula, id_curso, fe_asignacion) values (110, 3, 2, 11, '2016-01-01');
insert into asignacion_docente (id_asignacion_docente, id_planilla, id_aula, id_curso, fe_asignacion) values (111, 20, 6, 1, '2016-01-01');
insert into asignacion_docente (id_asignacion_docente, id_planilla, id_aula, id_curso, fe_asignacion) values (112, 1, 6, 2, '2016-01-01');
insert into asignacion_docente (id_asignacion_docente, id_planilla, id_aula, id_curso, fe_asignacion) values (113, 8, 6, 3, '2016-01-01');
insert into asignacion_docente (id_asignacion_docente, id_planilla, id_aula, id_curso, fe_asignacion) values (114, 6, 6, 4, '2016-01-01');
insert into asignacion_docente (id_asignacion_docente, id_planilla, id_aula, id_curso, fe_asignacion) values (115, 30, 6, 5, '2016-01-01');
insert into asignacion_docente (id_asignacion_docente, id_planilla, id_aula, id_curso, fe_asignacion) values (116, 25, 6, 6, '2016-01-01');
insert into asignacion_docente (id_asignacion_docente, id_planilla, id_aula, id_curso, fe_asignacion) values (117, 29, 6, 7, '2016-01-01');
insert into asignacion_docente (id_asignacion_docente, id_planilla, id_aula, id_curso, fe_asignacion) values (118, 9, 6, 8, '2016-01-01');
insert into asignacion_docente (id_asignacion_docente, id_planilla, id_aula, id_curso, fe_asignacion) values (119, 25, 6, 9, '2016-01-01');
insert into asignacion_docente (id_asignacion_docente, id_planilla, id_aula, id_curso, fe_asignacion) values (120, 27, 6, 10, '2016-01-01');
insert into asignacion_docente (id_asignacion_docente, id_planilla, id_aula, id_curso, fe_asignacion) values (121, 28, 6, 11, '2016-01-01');
insert into asignacion_docente (id_asignacion_docente, id_planilla, id_aula, id_curso, fe_asignacion) values (122, 20, 7, 1, '2016-01-01');
insert into asignacion_docente (id_asignacion_docente, id_planilla, id_aula, id_curso, fe_asignacion) values (123, 1, 7, 2, '2016-01-01');
insert into asignacion_docente (id_asignacion_docente, id_planilla, id_aula, id_curso, fe_asignacion) values (124, 8, 7, 3, '2016-01-01');
insert into asignacion_docente (id_asignacion_docente, id_planilla, id_aula, id_curso, fe_asignacion) values (125, 6, 7, 4, '2016-01-01');
insert into asignacion_docente (id_asignacion_docente, id_planilla, id_aula, id_curso, fe_asignacion) values (126, 30, 7, 5, '2016-01-01');
insert into asignacion_docente (id_asignacion_docente, id_planilla, id_aula, id_curso, fe_asignacion) values (127, 25, 7, 6, '2016-01-01');
insert into asignacion_docente (id_asignacion_docente, id_planilla, id_aula, id_curso, fe_asignacion) values (128, 29, 7, 7, '2016-01-01');
insert into asignacion_docente (id_asignacion_docente, id_planilla, id_aula, id_curso, fe_asignacion) values (129, 9, 7, 8, '2016-01-01');
insert into asignacion_docente (id_asignacion_docente, id_planilla, id_aula, id_curso, fe_asignacion) values (130, 25, 7, 9, '2016-01-01');
insert into asignacion_docente (id_asignacion_docente, id_planilla, id_aula, id_curso, fe_asignacion) values (131, 27, 7, 10, '2016-01-01');
insert into asignacion_docente (id_asignacion_docente, id_planilla, id_aula, id_curso, fe_asignacion) values (132, 28, 7, 11, '2016-01-01');
insert into asignacion_docente (id_asignacion_docente, id_planilla, id_aula, id_curso, fe_asignacion) values (133, 45, 15, 1, '2016-01-01');
insert into asignacion_docente (id_asignacion_docente, id_planilla, id_aula, id_curso, fe_asignacion) values (134, 31, 15, 2, '2016-01-01');
insert into asignacion_docente (id_asignacion_docente, id_planilla, id_aula, id_curso, fe_asignacion) values (135, 38, 15, 3, '2016-01-01');
insert into asignacion_docente (id_asignacion_docente, id_planilla, id_aula, id_curso, fe_asignacion) values (136, 36, 15, 4, '2016-01-01');
insert into asignacion_docente (id_asignacion_docente, id_planilla, id_aula, id_curso, fe_asignacion) values (137, 41, 15, 5, '2016-01-01');
insert into asignacion_docente (id_asignacion_docente, id_planilla, id_aula, id_curso, fe_asignacion) values (138, 52, 15, 6, '2016-01-01');
insert into asignacion_docente (id_asignacion_docente, id_planilla, id_aula, id_curso, fe_asignacion) values (139, 51, 15, 7, '2016-01-01');
insert into asignacion_docente (id_asignacion_docente, id_planilla, id_aula, id_curso, fe_asignacion) values (140, 39, 15, 8, '2016-01-01');
insert into asignacion_docente (id_asignacion_docente, id_planilla, id_aula, id_curso, fe_asignacion) values (141, 49, 15, 9, '2016-01-01');
insert into asignacion_docente (id_asignacion_docente, id_planilla, id_aula, id_curso, fe_asignacion) values (142, 50, 15, 10, '2016-01-01');
insert into asignacion_docente (id_asignacion_docente, id_planilla, id_aula, id_curso, fe_asignacion) values (143, 33, 15, 11, '2016-01-01');
insert into asignacion_docente (id_asignacion_docente, id_planilla, id_aula, id_curso, fe_asignacion) values (144, 45, 16, 1, '2016-01-01');
insert into asignacion_docente (id_asignacion_docente, id_planilla, id_aula, id_curso, fe_asignacion) values (145, 31, 16, 2, '2016-01-01');
insert into asignacion_docente (id_asignacion_docente, id_planilla, id_aula, id_curso, fe_asignacion) values (146, 38, 16, 3, '2016-01-01');
insert into asignacion_docente (id_asignacion_docente, id_planilla, id_aula, id_curso, fe_asignacion) values (147, 36, 16, 4, '2016-01-01');
insert into asignacion_docente (id_asignacion_docente, id_planilla, id_aula, id_curso, fe_asignacion) values (148, 41, 16, 5, '2016-01-01');
insert into asignacion_docente (id_asignacion_docente, id_planilla, id_aula, id_curso, fe_asignacion) values (149, 35, 16, 6, '2016-01-01');
insert into asignacion_docente (id_asignacion_docente, id_planilla, id_aula, id_curso, fe_asignacion) values (150, 51, 16, 7, '2016-01-01');
insert into asignacion_docente (id_asignacion_docente, id_planilla, id_aula, id_curso, fe_asignacion) values (151, 39, 16, 8, '2016-01-01');
insert into asignacion_docente (id_asignacion_docente, id_planilla, id_aula, id_curso, fe_asignacion) values (152, 49, 16, 9, '2016-01-01');
insert into asignacion_docente (id_asignacion_docente, id_planilla, id_aula, id_curso, fe_asignacion) values (153, 50, 16, 10, '2016-01-01');
insert into asignacion_docente (id_asignacion_docente, id_planilla, id_aula, id_curso, fe_asignacion) values (154, 33, 16, 11, '2016-01-01');
insert into asignacion_docente (id_asignacion_docente, id_planilla, id_aula, id_curso, fe_asignacion) values (155, 42, 19, 1, '2016-01-01');
insert into asignacion_docente (id_asignacion_docente, id_planilla, id_aula, id_curso, fe_asignacion) values (156, 40, 19, 2, '2016-01-01');
insert into asignacion_docente (id_asignacion_docente, id_planilla, id_aula, id_curso, fe_asignacion) values (157, 38, 19, 3, '2016-01-01');
insert into asignacion_docente (id_asignacion_docente, id_planilla, id_aula, id_curso, fe_asignacion) values (158, 36, 19, 4, '2016-01-01');
insert into asignacion_docente (id_asignacion_docente, id_planilla, id_aula, id_curso, fe_asignacion) values (159, 52, 19, 5, '2016-01-01');
insert into asignacion_docente (id_asignacion_docente, id_planilla, id_aula, id_curso, fe_asignacion) values (160, 41, 19, 6, '2016-01-01');
insert into asignacion_docente (id_asignacion_docente, id_planilla, id_aula, id_curso, fe_asignacion) values (161, 51, 19, 7, '2016-01-01');
insert into asignacion_docente (id_asignacion_docente, id_planilla, id_aula, id_curso, fe_asignacion) values (162, 39, 19, 8, '2016-01-01');
insert into asignacion_docente (id_asignacion_docente, id_planilla, id_aula, id_curso, fe_asignacion) values (163, 49, 19, 9, '2016-01-01');
insert into asignacion_docente (id_asignacion_docente, id_planilla, id_aula, id_curso, fe_asignacion) values (164, 44, 19, 10, '2016-01-01');
insert into asignacion_docente (id_asignacion_docente, id_planilla, id_aula, id_curso, fe_asignacion) values (165, 33, 19, 11, '2016-01-01');
insert into asignacion_docente (id_asignacion_docente, id_planilla, id_aula, id_curso, fe_asignacion) values (166, 42, 20, 1, '2016-01-01');
insert into asignacion_docente (id_asignacion_docente, id_planilla, id_aula, id_curso, fe_asignacion) values (167, 32, 20, 2, '2016-01-01');
insert into asignacion_docente (id_asignacion_docente, id_planilla, id_aula, id_curso, fe_asignacion) values (168, 38, 20, 3, '2016-01-01');
insert into asignacion_docente (id_asignacion_docente, id_planilla, id_aula, id_curso, fe_asignacion) values (169, 36, 20, 4, '2016-01-01');
insert into asignacion_docente (id_asignacion_docente, id_planilla, id_aula, id_curso, fe_asignacion) values (170, 52, 20, 5, '2016-01-01');
insert into asignacion_docente (id_asignacion_docente, id_planilla, id_aula, id_curso, fe_asignacion) values (171, 41, 20, 6, '2016-01-01');
insert into asignacion_docente (id_asignacion_docente, id_planilla, id_aula, id_curso, fe_asignacion) values (172, 51, 20, 7, '2016-01-01');
insert into asignacion_docente (id_asignacion_docente, id_planilla, id_aula, id_curso, fe_asignacion) values (173, 39, 20, 8, '2016-01-01');
insert into asignacion_docente (id_asignacion_docente, id_planilla, id_aula, id_curso, fe_asignacion) values (174, 49, 20, 9, '2016-01-01');
insert into asignacion_docente (id_asignacion_docente, id_planilla, id_aula, id_curso, fe_asignacion) values (175, 44, 20, 10, '2016-01-01');
insert into asignacion_docente (id_asignacion_docente, id_planilla, id_aula, id_curso, fe_asignacion) values (176, 33, 20, 11, '2016-01-01');
insert into asignacion_docente (id_asignacion_docente, id_planilla, id_aula, id_curso, fe_asignacion) values (177, 42, 21, 1, '2016-01-01');
insert into asignacion_docente (id_asignacion_docente, id_planilla, id_aula, id_curso, fe_asignacion) values (178, 32, 21, 2, '2016-01-01');
insert into asignacion_docente (id_asignacion_docente, id_planilla, id_aula, id_curso, fe_asignacion) values (179, 38, 21, 3, '2016-01-01');
insert into asignacion_docente (id_asignacion_docente, id_planilla, id_aula, id_curso, fe_asignacion) values (180, 36, 21, 4, '2016-01-01');
insert into asignacion_docente (id_asignacion_docente, id_planilla, id_aula, id_curso, fe_asignacion) values (181, 52, 21, 5, '2016-01-01');
insert into asignacion_docente (id_asignacion_docente, id_planilla, id_aula, id_curso, fe_asignacion) values (182, 41, 21, 6, '2016-01-01');
insert into asignacion_docente (id_asignacion_docente, id_planilla, id_aula, id_curso, fe_asignacion) values (183, 51, 21, 7, '2016-01-01');
insert into asignacion_docente (id_asignacion_docente, id_planilla, id_aula, id_curso, fe_asignacion) values (184, 39, 21, 8, '2016-01-01');
insert into asignacion_docente (id_asignacion_docente, id_planilla, id_aula, id_curso, fe_asignacion) values (185, 49, 21, 9, '2016-01-01');
insert into asignacion_docente (id_asignacion_docente, id_planilla, id_aula, id_curso, fe_asignacion) values (186, 44, 21, 10, '2016-01-01');
insert into asignacion_docente (id_asignacion_docente, id_planilla, id_aula, id_curso, fe_asignacion) values (187, 33, 21, 11, '2016-01-01');
insert into asignacion_docente (id_asignacion_docente, id_planilla, id_aula, id_curso, fe_asignacion) values (188, 45, 22, 1, '2016-01-01');
insert into asignacion_docente (id_asignacion_docente, id_planilla, id_aula, id_curso, fe_asignacion) values (189, 32, 22, 2, '2016-01-01');
insert into asignacion_docente (id_asignacion_docente, id_planilla, id_aula, id_curso, fe_asignacion) values (190, 38, 22, 3, '2016-01-01');
insert into asignacion_docente (id_asignacion_docente, id_planilla, id_aula, id_curso, fe_asignacion) values (191, 36, 22, 4, '2016-01-01');
insert into asignacion_docente (id_asignacion_docente, id_planilla, id_aula, id_curso, fe_asignacion) values (192, 41, 22, 5, '2016-01-01');
insert into asignacion_docente (id_asignacion_docente, id_planilla, id_aula, id_curso, fe_asignacion) values (193, 35, 22, 6, '2016-01-01');
insert into asignacion_docente (id_asignacion_docente, id_planilla, id_aula, id_curso, fe_asignacion) values (194, 51, 22, 7, '2016-01-01');
insert into asignacion_docente (id_asignacion_docente, id_planilla, id_aula, id_curso, fe_asignacion) values (195, 39, 22, 8, '2016-01-01');
insert into asignacion_docente (id_asignacion_docente, id_planilla, id_aula, id_curso, fe_asignacion) values (196, 49, 22, 9, '2016-01-01');
insert into asignacion_docente (id_asignacion_docente, id_planilla, id_aula, id_curso, fe_asignacion) values (197, 50, 22, 10, '2016-01-01');
insert into asignacion_docente (id_asignacion_docente, id_planilla, id_aula, id_curso, fe_asignacion) values (198, 35, 22, 11, '2016-01-01');
insert into asignacion_docente (id_asignacion_docente, id_planilla, id_aula, id_curso, fe_asignacion) values (199, 45, 24, 1, '2016-01-01');
insert into asignacion_docente (id_asignacion_docente, id_planilla, id_aula, id_curso, fe_asignacion) values (200, 32, 24, 2, '2016-01-01');
insert into asignacion_docente (id_asignacion_docente, id_planilla, id_aula, id_curso, fe_asignacion) values (201, 38, 24, 3, '2016-01-01');
insert into asignacion_docente (id_asignacion_docente, id_planilla, id_aula, id_curso, fe_asignacion) values (202, 36, 24, 4, '2016-01-01');
insert into asignacion_docente (id_asignacion_docente, id_planilla, id_aula, id_curso, fe_asignacion) values (203, 41, 24, 5, '2016-01-01');
insert into asignacion_docente (id_asignacion_docente, id_planilla, id_aula, id_curso, fe_asignacion) values (204, 35, 24, 6, '2016-01-01');
insert into asignacion_docente (id_asignacion_docente, id_planilla, id_aula, id_curso, fe_asignacion) values (205, 51, 24, 7, '2016-01-01');
insert into asignacion_docente (id_asignacion_docente, id_planilla, id_aula, id_curso, fe_asignacion) values (206, 39, 24, 8, '2016-01-01');
insert into asignacion_docente (id_asignacion_docente, id_planilla, id_aula, id_curso, fe_asignacion) values (207, 49, 24, 9, '2016-01-01');
insert into asignacion_docente (id_asignacion_docente, id_planilla, id_aula, id_curso, fe_asignacion) values (208, 50, 24, 10, '2016-01-01');
insert into asignacion_docente (id_asignacion_docente, id_planilla, id_aula, id_curso, fe_asignacion) values (209, 35, 24, 11, '2016-01-01');
insert into asignacion_docente (id_asignacion_docente, id_planilla, id_aula, id_curso, fe_asignacion) values (210, 46, 23, 1, '2016-01-01');
insert into asignacion_docente (id_asignacion_docente, id_planilla, id_aula, id_curso, fe_asignacion) values (211, 40, 23, 2, '2016-01-01');
insert into asignacion_docente (id_asignacion_docente, id_planilla, id_aula, id_curso, fe_asignacion) values (212, 38, 23, 3, '2016-01-01');
insert into asignacion_docente (id_asignacion_docente, id_planilla, id_aula, id_curso, fe_asignacion) values (213, 36, 23, 4, '2016-01-01');
insert into asignacion_docente (id_asignacion_docente, id_planilla, id_aula, id_curso, fe_asignacion) values (214, 52, 23, 5, '2016-01-01');
insert into asignacion_docente (id_asignacion_docente, id_planilla, id_aula, id_curso, fe_asignacion) values (215, 41, 23, 6, '2016-01-01');
insert into asignacion_docente (id_asignacion_docente, id_planilla, id_aula, id_curso, fe_asignacion) values (216, 51, 23, 7, '2016-01-01');
insert into asignacion_docente (id_asignacion_docente, id_planilla, id_aula, id_curso, fe_asignacion) values (217, 39, 23, 8, '2016-01-01');
insert into asignacion_docente (id_asignacion_docente, id_planilla, id_aula, id_curso, fe_asignacion) values (218, 49, 23, 9, '2016-01-01');
insert into asignacion_docente (id_asignacion_docente, id_planilla, id_aula, id_curso, fe_asignacion) values (219, 44, 23, 10, '2016-01-01');
insert into asignacion_docente (id_asignacion_docente, id_planilla, id_aula, id_curso, fe_asignacion) values (220, 33, 23, 11, '2016-01-01');
insert into asignacion_docente (id_asignacion_docente, id_planilla, id_aula, id_curso, fe_asignacion) values (221, 46, 13, 1, '2016-01-01');
insert into asignacion_docente (id_asignacion_docente, id_planilla, id_aula, id_curso, fe_asignacion) values (222, 40, 13, 2, '2016-01-01');
insert into asignacion_docente (id_asignacion_docente, id_planilla, id_aula, id_curso, fe_asignacion) values (223, 38, 13, 3, '2016-01-01');
insert into asignacion_docente (id_asignacion_docente, id_planilla, id_aula, id_curso, fe_asignacion) values (224, 36, 13, 4, '2016-01-01');
insert into asignacion_docente (id_asignacion_docente, id_planilla, id_aula, id_curso, fe_asignacion) values (225, 52, 13, 5, '2016-01-01');
insert into asignacion_docente (id_asignacion_docente, id_planilla, id_aula, id_curso, fe_asignacion) values (226, 41, 13, 6, '2016-01-01');
insert into asignacion_docente (id_asignacion_docente, id_planilla, id_aula, id_curso, fe_asignacion) values (227, 51, 13, 7, '2016-01-01');
insert into asignacion_docente (id_asignacion_docente, id_planilla, id_aula, id_curso, fe_asignacion) values (228, 39, 13, 8, '2016-01-01');
insert into asignacion_docente (id_asignacion_docente, id_planilla, id_aula, id_curso, fe_asignacion) values (229, 49, 13, 9, '2016-01-01');
insert into asignacion_docente (id_asignacion_docente, id_planilla, id_aula, id_curso, fe_asignacion) values (230, 44, 13, 10, '2016-01-01');
insert into asignacion_docente (id_asignacion_docente, id_planilla, id_aula, id_curso, fe_asignacion) values (231, 33, 13, 11, '2016-01-01');
insert into asignacion_docente (id_asignacion_docente, id_planilla, id_aula, id_curso, fe_asignacion) values (232, 42, 14, 1, '2016-01-01');
insert into asignacion_docente (id_asignacion_docente, id_planilla, id_aula, id_curso, fe_asignacion) values (233, 40, 14, 2, '2016-01-01');
insert into asignacion_docente (id_asignacion_docente, id_planilla, id_aula, id_curso, fe_asignacion) values (234, 38, 14, 3, '2016-01-01');
insert into asignacion_docente (id_asignacion_docente, id_planilla, id_aula, id_curso, fe_asignacion) values (235, 36, 14, 4, '2016-01-01');
insert into asignacion_docente (id_asignacion_docente, id_planilla, id_aula, id_curso, fe_asignacion) values (236, 52, 14, 5, '2016-01-01');
insert into asignacion_docente (id_asignacion_docente, id_planilla, id_aula, id_curso, fe_asignacion) values (237, 41, 14, 6, '2016-01-01');
insert into asignacion_docente (id_asignacion_docente, id_planilla, id_aula, id_curso, fe_asignacion) values (238, 51, 14, 7, '2016-01-01');
insert into asignacion_docente (id_asignacion_docente, id_planilla, id_aula, id_curso, fe_asignacion) values (239, 39, 14, 8, '2016-01-01');
insert into asignacion_docente (id_asignacion_docente, id_planilla, id_aula, id_curso, fe_asignacion) values (240, 49, 14, 9, '2016-01-01');
insert into asignacion_docente (id_asignacion_docente, id_planilla, id_aula, id_curso, fe_asignacion) values (241, 44, 14, 10, '2016-01-01');
insert into asignacion_docente (id_asignacion_docente, id_planilla, id_aula, id_curso, fe_asignacion) values (242, 33, 14, 11, '2016-01-01');
insert into asignacion_docente (id_asignacion_docente, id_planilla, id_aula, id_curso, fe_asignacion) values (243, 46, 17, 1, '2016-01-01');
insert into asignacion_docente (id_asignacion_docente, id_planilla, id_aula, id_curso, fe_asignacion) values (244, 31, 17, 2, '2016-01-01');
insert into asignacion_docente (id_asignacion_docente, id_planilla, id_aula, id_curso, fe_asignacion) values (245, 38, 17, 3, '2016-01-01');
insert into asignacion_docente (id_asignacion_docente, id_planilla, id_aula, id_curso, fe_asignacion) values (246, 36, 17, 4, '2016-01-01');
insert into asignacion_docente (id_asignacion_docente, id_planilla, id_aula, id_curso, fe_asignacion) values (247, 52, 17, 5, '2016-01-01');
insert into asignacion_docente (id_asignacion_docente, id_planilla, id_aula, id_curso, fe_asignacion) values (248, 49, 17, 6, '2016-01-01');
insert into asignacion_docente (id_asignacion_docente, id_planilla, id_aula, id_curso, fe_asignacion) values (249, 51, 17, 7, '2016-01-01');
insert into asignacion_docente (id_asignacion_docente, id_planilla, id_aula, id_curso, fe_asignacion) values (250, 39, 17, 8, '2016-01-01');
insert into asignacion_docente (id_asignacion_docente, id_planilla, id_aula, id_curso, fe_asignacion) values (251, 49, 17, 9, '2016-01-01');
insert into asignacion_docente (id_asignacion_docente, id_planilla, id_aula, id_curso, fe_asignacion) values (252, 50, 17, 10, '2016-01-01');
insert into asignacion_docente (id_asignacion_docente, id_planilla, id_aula, id_curso, fe_asignacion) values (253, 35, 17, 11, '2016-01-01');
insert into asignacion_docente (id_asignacion_docente, id_planilla, id_aula, id_curso, fe_asignacion) values (254, 46, 18, 1, '2016-01-01');
insert into asignacion_docente (id_asignacion_docente, id_planilla, id_aula, id_curso, fe_asignacion) values (255, 31, 18, 2, '2016-01-01');
insert into asignacion_docente (id_asignacion_docente, id_planilla, id_aula, id_curso, fe_asignacion) values (256, 38, 18, 3, '2016-01-01');
insert into asignacion_docente (id_asignacion_docente, id_planilla, id_aula, id_curso, fe_asignacion) values (257, 36, 18, 4, '2016-01-01');
insert into asignacion_docente (id_asignacion_docente, id_planilla, id_aula, id_curso, fe_asignacion) values (258, 52, 18, 5, '2016-01-01');
insert into asignacion_docente (id_asignacion_docente, id_planilla, id_aula, id_curso, fe_asignacion) values (259, 49, 18, 6, '2016-01-01');
insert into asignacion_docente (id_asignacion_docente, id_planilla, id_aula, id_curso, fe_asignacion) values (260, 51, 18, 7, '2016-01-01');
insert into asignacion_docente (id_asignacion_docente, id_planilla, id_aula, id_curso, fe_asignacion) values (261, 39, 18, 8, '2016-01-01');
insert into asignacion_docente (id_asignacion_docente, id_planilla, id_aula, id_curso, fe_asignacion) values (262, 49, 18, 9, '2016-01-01');
insert into asignacion_docente (id_asignacion_docente, id_planilla, id_aula, id_curso, fe_asignacion) values (263, 50, 18, 10, '2016-01-01');
insert into asignacion_docente (id_asignacion_docente, id_planilla, id_aula, id_curso, fe_asignacion) values (264, 35, 18, 11, '2016-01-01');
insert into asignacion_docente (id_asignacion_docente, id_planilla, id_aula, id_curso, fe_asignacion) values (265, 65, 28, 1, '2016-01-01');
insert into asignacion_docente (id_asignacion_docente, id_planilla, id_aula, id_curso, fe_asignacion) values (266, 53, 28, 2, '2016-01-01');
insert into asignacion_docente (id_asignacion_docente, id_planilla, id_aula, id_curso, fe_asignacion) values (267, 58, 28, 3, '2016-01-01');
insert into asignacion_docente (id_asignacion_docente, id_planilla, id_aula, id_curso, fe_asignacion) values (268, 57, 28, 4, '2016-01-01');
insert into asignacion_docente (id_asignacion_docente, id_planilla, id_aula, id_curso, fe_asignacion) values (269, 61, 28, 5, '2016-01-01');
insert into asignacion_docente (id_asignacion_docente, id_planilla, id_aula, id_curso, fe_asignacion) values (270, 72, 28, 6, '2016-01-01');
insert into asignacion_docente (id_asignacion_docente, id_planilla, id_aula, id_curso, fe_asignacion) values (271, 71, 28, 7, '2016-01-01');
insert into asignacion_docente (id_asignacion_docente, id_planilla, id_aula, id_curso, fe_asignacion) values (272, 59, 28, 8, '2016-01-01');
insert into asignacion_docente (id_asignacion_docente, id_planilla, id_aula, id_curso, fe_asignacion) values (273, 68, 28, 9, '2016-01-01');
insert into asignacion_docente (id_asignacion_docente, id_planilla, id_aula, id_curso, fe_asignacion) values (274, 70, 28, 10, '2016-01-01');
insert into asignacion_docente (id_asignacion_docente, id_planilla, id_aula, id_curso, fe_asignacion) values (275, 69, 28, 11, '2016-01-01');
insert into asignacion_docente (id_asignacion_docente, id_planilla, id_aula, id_curso, fe_asignacion) values (276, 65, 29, 1, '2016-01-01');
insert into asignacion_docente (id_asignacion_docente, id_planilla, id_aula, id_curso, fe_asignacion) values (277, 53, 29, 2, '2016-01-01');
insert into asignacion_docente (id_asignacion_docente, id_planilla, id_aula, id_curso, fe_asignacion) values (278, 58, 29, 3, '2016-01-01');
insert into asignacion_docente (id_asignacion_docente, id_planilla, id_aula, id_curso, fe_asignacion) values (279, 57, 29, 4, '2016-01-01');
insert into asignacion_docente (id_asignacion_docente, id_planilla, id_aula, id_curso, fe_asignacion) values (280, 61, 29, 5, '2016-01-01');
insert into asignacion_docente (id_asignacion_docente, id_planilla, id_aula, id_curso, fe_asignacion) values (281, 55, 29, 6, '2016-01-01');
insert into asignacion_docente (id_asignacion_docente, id_planilla, id_aula, id_curso, fe_asignacion) values (282, 71, 29, 7, '2016-01-01');
insert into asignacion_docente (id_asignacion_docente, id_planilla, id_aula, id_curso, fe_asignacion) values (283, 59, 29, 8, '2016-01-01');
insert into asignacion_docente (id_asignacion_docente, id_planilla, id_aula, id_curso, fe_asignacion) values (284, 68, 29, 9, '2016-01-01');
insert into asignacion_docente (id_asignacion_docente, id_planilla, id_aula, id_curso, fe_asignacion) values (285, 70, 29, 10, '2016-01-01');
insert into asignacion_docente (id_asignacion_docente, id_planilla, id_aula, id_curso, fe_asignacion) values (286, 69, 29, 11, '2016-01-01');
insert into asignacion_docente (id_asignacion_docente, id_planilla, id_aula, id_curso, fe_asignacion) values (287, 62, 32, 1, '2016-01-01');
insert into asignacion_docente (id_asignacion_docente, id_planilla, id_aula, id_curso, fe_asignacion) values (288, 60, 32, 2, '2016-01-01');
insert into asignacion_docente (id_asignacion_docente, id_planilla, id_aula, id_curso, fe_asignacion) values (289, 58, 32, 3, '2016-01-01');
insert into asignacion_docente (id_asignacion_docente, id_planilla, id_aula, id_curso, fe_asignacion) values (290, 57, 32, 4, '2016-01-01');
insert into asignacion_docente (id_asignacion_docente, id_planilla, id_aula, id_curso, fe_asignacion) values (291, 72, 32, 5, '2016-01-01');
insert into asignacion_docente (id_asignacion_docente, id_planilla, id_aula, id_curso, fe_asignacion) values (292, 61, 32, 6, '2016-01-01');
insert into asignacion_docente (id_asignacion_docente, id_planilla, id_aula, id_curso, fe_asignacion) values (293, 71, 32, 7, '2016-01-01');
insert into asignacion_docente (id_asignacion_docente, id_planilla, id_aula, id_curso, fe_asignacion) values (294, 59, 32, 8, '2016-01-01');
insert into asignacion_docente (id_asignacion_docente, id_planilla, id_aula, id_curso, fe_asignacion) values (295, 68, 32, 9, '2016-01-01');
insert into asignacion_docente (id_asignacion_docente, id_planilla, id_aula, id_curso, fe_asignacion) values (296, 64, 32, 10, '2016-01-01');
insert into asignacion_docente (id_asignacion_docente, id_planilla, id_aula, id_curso, fe_asignacion) values (297, 69, 32, 11, '2016-01-01');
insert into asignacion_docente (id_asignacion_docente, id_planilla, id_aula, id_curso, fe_asignacion) values (298, 62, 33, 1, '2016-01-01');
insert into asignacion_docente (id_asignacion_docente, id_planilla, id_aula, id_curso, fe_asignacion) values (299, 54, 33, 2, '2016-01-01');
insert into asignacion_docente (id_asignacion_docente, id_planilla, id_aula, id_curso, fe_asignacion) values (300, 58, 33, 3, '2016-01-01');
insert into asignacion_docente (id_asignacion_docente, id_planilla, id_aula, id_curso, fe_asignacion) values (301, 57, 33, 4, '2016-01-01');
insert into asignacion_docente (id_asignacion_docente, id_planilla, id_aula, id_curso, fe_asignacion) values (302, 72, 33, 5, '2016-01-01');
insert into asignacion_docente (id_asignacion_docente, id_planilla, id_aula, id_curso, fe_asignacion) values (303, 61, 33, 6, '2016-01-01');
insert into asignacion_docente (id_asignacion_docente, id_planilla, id_aula, id_curso, fe_asignacion) values (304, 71, 33, 7, '2016-01-01');
insert into asignacion_docente (id_asignacion_docente, id_planilla, id_aula, id_curso, fe_asignacion) values (305, 59, 33, 8, '2016-01-01');
insert into asignacion_docente (id_asignacion_docente, id_planilla, id_aula, id_curso, fe_asignacion) values (306, 68, 33, 9, '2016-01-01');
insert into asignacion_docente (id_asignacion_docente, id_planilla, id_aula, id_curso, fe_asignacion) values (307, 64, 33, 10, '2016-01-01');
insert into asignacion_docente (id_asignacion_docente, id_planilla, id_aula, id_curso, fe_asignacion) values (308, 69, 33, 11, '2016-01-01');
insert into asignacion_docente (id_asignacion_docente, id_planilla, id_aula, id_curso, fe_asignacion) values (309, 62, 34, 1, '2016-01-01');
insert into asignacion_docente (id_asignacion_docente, id_planilla, id_aula, id_curso, fe_asignacion) values (310, 54, 34, 2, '2016-01-01');
insert into asignacion_docente (id_asignacion_docente, id_planilla, id_aula, id_curso, fe_asignacion) values (311, 58, 34, 3, '2016-01-01');
insert into asignacion_docente (id_asignacion_docente, id_planilla, id_aula, id_curso, fe_asignacion) values (312, 57, 34, 4, '2016-01-01');
insert into asignacion_docente (id_asignacion_docente, id_planilla, id_aula, id_curso, fe_asignacion) values (313, 72, 34, 5, '2016-01-01');
insert into asignacion_docente (id_asignacion_docente, id_planilla, id_aula, id_curso, fe_asignacion) values (314, 61, 34, 6, '2016-01-01');
insert into asignacion_docente (id_asignacion_docente, id_planilla, id_aula, id_curso, fe_asignacion) values (315, 71, 34, 7, '2016-01-01');
insert into asignacion_docente (id_asignacion_docente, id_planilla, id_aula, id_curso, fe_asignacion) values (316, 59, 34, 8, '2016-01-01');
insert into asignacion_docente (id_asignacion_docente, id_planilla, id_aula, id_curso, fe_asignacion) values (317, 68, 34, 9, '2016-01-01');
insert into asignacion_docente (id_asignacion_docente, id_planilla, id_aula, id_curso, fe_asignacion) values (318, 64, 34, 10, '2016-01-01');
insert into asignacion_docente (id_asignacion_docente, id_planilla, id_aula, id_curso, fe_asignacion) values (319, 69, 34, 11, '2016-01-01');
insert into asignacion_docente (id_asignacion_docente, id_planilla, id_aula, id_curso, fe_asignacion) values (320, 65, 35, 1, '2016-01-01');
insert into asignacion_docente (id_asignacion_docente, id_planilla, id_aula, id_curso, fe_asignacion) values (321, 54, 35, 2, '2016-01-01');
insert into asignacion_docente (id_asignacion_docente, id_planilla, id_aula, id_curso, fe_asignacion) values (322, 58, 35, 3, '2016-01-01');
insert into asignacion_docente (id_asignacion_docente, id_planilla, id_aula, id_curso, fe_asignacion) values (323, 57, 35, 4, '2016-01-01');
insert into asignacion_docente (id_asignacion_docente, id_planilla, id_aula, id_curso, fe_asignacion) values (324, 61, 35, 5, '2016-01-01');
insert into asignacion_docente (id_asignacion_docente, id_planilla, id_aula, id_curso, fe_asignacion) values (325, 55, 35, 6, '2016-01-01');
insert into asignacion_docente (id_asignacion_docente, id_planilla, id_aula, id_curso, fe_asignacion) values (326, 71, 35, 7, '2016-01-01');
insert into asignacion_docente (id_asignacion_docente, id_planilla, id_aula, id_curso, fe_asignacion) values (327, 59, 35, 8, '2016-01-01');
insert into asignacion_docente (id_asignacion_docente, id_planilla, id_aula, id_curso, fe_asignacion) values (328, 68, 35, 9, '2016-01-01');
insert into asignacion_docente (id_asignacion_docente, id_planilla, id_aula, id_curso, fe_asignacion) values (329, 70, 35, 10, '2016-01-01');
insert into asignacion_docente (id_asignacion_docente, id_planilla, id_aula, id_curso, fe_asignacion) values (330, 55, 35, 11, '2016-01-01');
insert into asignacion_docente (id_asignacion_docente, id_planilla, id_aula, id_curso, fe_asignacion) values (331, 65, 36, 1, '2016-01-01');
insert into asignacion_docente (id_asignacion_docente, id_planilla, id_aula, id_curso, fe_asignacion) values (332, 54, 36, 2, '2016-01-01');
insert into asignacion_docente (id_asignacion_docente, id_planilla, id_aula, id_curso, fe_asignacion) values (333, 58, 36, 3, '2016-01-01');
insert into asignacion_docente (id_asignacion_docente, id_planilla, id_aula, id_curso, fe_asignacion) values (334, 57, 36, 4, '2016-01-01');
insert into asignacion_docente (id_asignacion_docente, id_planilla, id_aula, id_curso, fe_asignacion) values (335, 61, 36, 5, '2016-01-01');
insert into asignacion_docente (id_asignacion_docente, id_planilla, id_aula, id_curso, fe_asignacion) values (336, 55, 36, 6, '2016-01-01');
insert into asignacion_docente (id_asignacion_docente, id_planilla, id_aula, id_curso, fe_asignacion) values (337, 71, 36, 7, '2016-01-01');
insert into asignacion_docente (id_asignacion_docente, id_planilla, id_aula, id_curso, fe_asignacion) values (338, 59, 36, 8, '2016-01-01');
insert into asignacion_docente (id_asignacion_docente, id_planilla, id_aula, id_curso, fe_asignacion) values (339, 68, 36, 9, '2016-01-01');
insert into asignacion_docente (id_asignacion_docente, id_planilla, id_aula, id_curso, fe_asignacion) values (340, 70, 36, 10, '2016-01-01');
insert into asignacion_docente (id_asignacion_docente, id_planilla, id_aula, id_curso, fe_asignacion) values (341, 55, 36, 11, '2016-01-01');
insert into asignacion_docente (id_asignacion_docente, id_planilla, id_aula, id_curso, fe_asignacion) values (342, 66, 25, 1, '2016-01-01');
insert into asignacion_docente (id_asignacion_docente, id_planilla, id_aula, id_curso, fe_asignacion) values (343, 60, 25, 2, '2016-01-01');
insert into asignacion_docente (id_asignacion_docente, id_planilla, id_aula, id_curso, fe_asignacion) values (344, 58, 25, 3, '2016-01-01');
insert into asignacion_docente (id_asignacion_docente, id_planilla, id_aula, id_curso, fe_asignacion) values (345, 57, 25, 4, '2016-01-01');
insert into asignacion_docente (id_asignacion_docente, id_planilla, id_aula, id_curso, fe_asignacion) values (346, 72, 25, 5, '2016-01-01');
insert into asignacion_docente (id_asignacion_docente, id_planilla, id_aula, id_curso, fe_asignacion) values (347, 61, 25, 6, '2016-01-01');
insert into asignacion_docente (id_asignacion_docente, id_planilla, id_aula, id_curso, fe_asignacion) values (348, 71, 25, 7, '2016-01-01');
insert into asignacion_docente (id_asignacion_docente, id_planilla, id_aula, id_curso, fe_asignacion) values (349, 59, 25, 8, '2016-01-01');
insert into asignacion_docente (id_asignacion_docente, id_planilla, id_aula, id_curso, fe_asignacion) values (350, 68, 25, 9, '2016-01-01');
insert into asignacion_docente (id_asignacion_docente, id_planilla, id_aula, id_curso, fe_asignacion) values (351, 64, 25, 10, '2016-01-01');
insert into asignacion_docente (id_asignacion_docente, id_planilla, id_aula, id_curso, fe_asignacion) values (352, 69, 25, 11, '2016-01-01');
insert into asignacion_docente (id_asignacion_docente, id_planilla, id_aula, id_curso, fe_asignacion) values (353, 66, 26, 1, '2016-01-01');
insert into asignacion_docente (id_asignacion_docente, id_planilla, id_aula, id_curso, fe_asignacion) values (354, 60, 26, 2, '2016-01-01');
insert into asignacion_docente (id_asignacion_docente, id_planilla, id_aula, id_curso, fe_asignacion) values (355, 58, 26, 3, '2016-01-01');
insert into asignacion_docente (id_asignacion_docente, id_planilla, id_aula, id_curso, fe_asignacion) values (356, 57, 26, 4, '2016-01-01');
insert into asignacion_docente (id_asignacion_docente, id_planilla, id_aula, id_curso, fe_asignacion) values (357, 72, 26, 5, '2016-01-01');
insert into asignacion_docente (id_asignacion_docente, id_planilla, id_aula, id_curso, fe_asignacion) values (358, 61, 26, 6, '2016-01-01');
insert into asignacion_docente (id_asignacion_docente, id_planilla, id_aula, id_curso, fe_asignacion) values (359, 71, 26, 7, '2016-01-01');
insert into asignacion_docente (id_asignacion_docente, id_planilla, id_aula, id_curso, fe_asignacion) values (360, 59, 26, 8, '2016-01-01');
insert into asignacion_docente (id_asignacion_docente, id_planilla, id_aula, id_curso, fe_asignacion) values (361, 68, 26, 9, '2016-01-01');
insert into asignacion_docente (id_asignacion_docente, id_planilla, id_aula, id_curso, fe_asignacion) values (362, 64, 26, 10, '2016-01-01');
insert into asignacion_docente (id_asignacion_docente, id_planilla, id_aula, id_curso, fe_asignacion) values (363, 69, 26, 11, '2016-01-01');
insert into asignacion_docente (id_asignacion_docente, id_planilla, id_aula, id_curso, fe_asignacion) values (364, 62, 27, 1, '2016-01-01');
insert into asignacion_docente (id_asignacion_docente, id_planilla, id_aula, id_curso, fe_asignacion) values (365, 60, 27, 2, '2016-01-01');
insert into asignacion_docente (id_asignacion_docente, id_planilla, id_aula, id_curso, fe_asignacion) values (366, 58, 27, 3, '2016-01-01');
insert into asignacion_docente (id_asignacion_docente, id_planilla, id_aula, id_curso, fe_asignacion) values (367, 57, 27, 4, '2016-01-01');
insert into asignacion_docente (id_asignacion_docente, id_planilla, id_aula, id_curso, fe_asignacion) values (368, 72, 27, 5, '2016-01-01');
insert into asignacion_docente (id_asignacion_docente, id_planilla, id_aula, id_curso, fe_asignacion) values (369, 61, 27, 6, '2016-01-01');
insert into asignacion_docente (id_asignacion_docente, id_planilla, id_aula, id_curso, fe_asignacion) values (370, 71, 27, 7, '2016-01-01');
insert into asignacion_docente (id_asignacion_docente, id_planilla, id_aula, id_curso, fe_asignacion) values (371, 59, 27, 8, '2016-01-01');
insert into asignacion_docente (id_asignacion_docente, id_planilla, id_aula, id_curso, fe_asignacion) values (372, 68, 27, 9, '2016-01-01');
insert into asignacion_docente (id_asignacion_docente, id_planilla, id_aula, id_curso, fe_asignacion) values (373, 64, 27, 10, '2016-01-01');
insert into asignacion_docente (id_asignacion_docente, id_planilla, id_aula, id_curso, fe_asignacion) values (374, 69, 27, 11, '2016-01-01');
insert into asignacion_docente (id_asignacion_docente, id_planilla, id_aula, id_curso, fe_asignacion) values (375, 66, 30, 1, '2016-01-01');
insert into asignacion_docente (id_asignacion_docente, id_planilla, id_aula, id_curso, fe_asignacion) values (376, 53, 30, 2, '2016-01-01');
insert into asignacion_docente (id_asignacion_docente, id_planilla, id_aula, id_curso, fe_asignacion) values (377, 58, 30, 3, '2016-01-01');
insert into asignacion_docente (id_asignacion_docente, id_planilla, id_aula, id_curso, fe_asignacion) values (378, 57, 30, 4, '2016-01-01');
insert into asignacion_docente (id_asignacion_docente, id_planilla, id_aula, id_curso, fe_asignacion) values (379, 72, 30, 5, '2016-01-01');
insert into asignacion_docente (id_asignacion_docente, id_planilla, id_aula, id_curso, fe_asignacion) values (380, 68, 30, 6, '2016-01-01');
insert into asignacion_docente (id_asignacion_docente, id_planilla, id_aula, id_curso, fe_asignacion) values (381, 71, 30, 7, '2016-01-01');
insert into asignacion_docente (id_asignacion_docente, id_planilla, id_aula, id_curso, fe_asignacion) values (382, 59, 30, 8, '2016-01-01');
insert into asignacion_docente (id_asignacion_docente, id_planilla, id_aula, id_curso, fe_asignacion) values (383, 68, 30, 9, '2016-01-01');
insert into asignacion_docente (id_asignacion_docente, id_planilla, id_aula, id_curso, fe_asignacion) values (384, 70, 30, 10, '2016-01-01');
insert into asignacion_docente (id_asignacion_docente, id_planilla, id_aula, id_curso, fe_asignacion) values (385, 55, 30, 11, '2016-01-01');
insert into asignacion_docente (id_asignacion_docente, id_planilla, id_aula, id_curso, fe_asignacion) values (386, 66, 31, 1, '2016-01-01');
insert into asignacion_docente (id_asignacion_docente, id_planilla, id_aula, id_curso, fe_asignacion) values (387, 53, 31, 2, '2016-01-01');
insert into asignacion_docente (id_asignacion_docente, id_planilla, id_aula, id_curso, fe_asignacion) values (388, 58, 31, 3, '2016-01-01');
insert into asignacion_docente (id_asignacion_docente, id_planilla, id_aula, id_curso, fe_asignacion) values (389, 57, 31, 4, '2016-01-01');
insert into asignacion_docente (id_asignacion_docente, id_planilla, id_aula, id_curso, fe_asignacion) values (390, 72, 31, 5, '2016-01-01');
insert into asignacion_docente (id_asignacion_docente, id_planilla, id_aula, id_curso, fe_asignacion) values (391, 68, 31, 6, '2016-01-01');
insert into asignacion_docente (id_asignacion_docente, id_planilla, id_aula, id_curso, fe_asignacion) values (392, 71, 31, 7, '2016-01-01');
insert into asignacion_docente (id_asignacion_docente, id_planilla, id_aula, id_curso, fe_asignacion) values (393, 59, 31, 8, '2016-01-01');
insert into asignacion_docente (id_asignacion_docente, id_planilla, id_aula, id_curso, fe_asignacion) values (394, 68, 31, 9, '2016-01-01');
insert into asignacion_docente (id_asignacion_docente, id_planilla, id_aula, id_curso, fe_asignacion) values (395, 70, 31, 10, '2016-01-01');
insert into asignacion_docente (id_asignacion_docente, id_planilla, id_aula, id_curso, fe_asignacion) values (396, 55, 31, 11, '2016-01-01');

alter sequence asignacion_docente_id_asignacion_docente_seq restart with 397;