insert into persona (id_persona, no_persona, ap_persona, am_persona, nu_documento, de_genero, id_tipo_documento) values (551, 'Amalia', 'Alarcón', 'Calderón', '00000551', 'M', '01');
insert into persona (id_persona, no_persona, ap_persona, am_persona, nu_documento, de_genero, id_tipo_documento) values (552, 'Virginia', 'Arenas', 'Haro', '00000552', 'M', '01');
insert into persona (id_persona, no_persona, ap_persona, am_persona, nu_documento, de_genero, id_tipo_documento) values (553, 'Gustavo', 'Briseño', 'Peres', '00000553', 'H', '01');
insert into persona (id_persona, no_persona, ap_persona, am_persona, nu_documento, de_genero, id_tipo_documento) values (554, 'René', 'Fuentes', 'Villaseñor', '00000554', 'H', '01');
insert into persona (id_persona, no_persona, ap_persona, am_persona, nu_documento, de_genero, id_tipo_documento) values (555, 'Rosa', 'Toledo', 'Mares', '00000555', 'M', '01');
insert into persona (id_persona, no_persona, ap_persona, am_persona, nu_documento, de_genero, id_tipo_documento) values (556, 'Juan Carlos', 'Quintero', 'Peralta', '00000556', 'H', '01');
insert into persona (id_persona, no_persona, ap_persona, am_persona, nu_documento, de_genero, id_tipo_documento) values (557, 'Rolando', 'Villegas', 'Lugo', '00000557', 'H', '01');
insert into persona (id_persona, no_persona, ap_persona, am_persona, nu_documento, de_genero, id_tipo_documento) values (558, 'Carmen', 'Fajardo', 'Cervántez', '00000558', 'M', '01');
insert into persona (id_persona, no_persona, ap_persona, am_persona, nu_documento, de_genero, id_tipo_documento) values (559, 'Lorenzo', 'Paredes', 'Casares', '00000559', 'H', '01');
insert into persona (id_persona, no_persona, ap_persona, am_persona, nu_documento, de_genero, id_tipo_documento) values (560, 'Minerva', 'Pabón', 'Orta', '00000560', 'M', '01');
insert into persona (id_persona, no_persona, ap_persona, am_persona, nu_documento, de_genero, id_tipo_documento) values (561, 'Fernando', 'Urrutia', 'Arellano', '00000561', 'H', '01');
insert into persona (id_persona, no_persona, ap_persona, am_persona, nu_documento, de_genero, id_tipo_documento) values (562, 'Perla', 'Amaya', 'Durán', '00000562', 'M', '01');
insert into persona (id_persona, no_persona, ap_persona, am_persona, nu_documento, de_genero, id_tipo_documento) values (563, 'Yuridia', 'Medina', 'Rivera', '00000563', 'M', '01');
insert into persona (id_persona, no_persona, ap_persona, am_persona, nu_documento, de_genero, id_tipo_documento) values (564, 'Evelio', 'Casillas', 'Ponce', '00000564', 'H', '01');
insert into persona (id_persona, no_persona, ap_persona, am_persona, nu_documento, de_genero, id_tipo_documento) values (565, 'Victoria', 'Jaramillo', 'Urbina', '00000565', 'M', '01');
insert into persona (id_persona, no_persona, ap_persona, am_persona, nu_documento, de_genero, id_tipo_documento) values (566, 'Antonia', 'Zaragoza', 'Franco', '00000566', 'M', '01');
insert into persona (id_persona, no_persona, ap_persona, am_persona, nu_documento, de_genero, id_tipo_documento) values (567, 'José Carlos', 'Fernández', 'Florez', '00000567', 'H', '01');
insert into persona (id_persona, no_persona, ap_persona, am_persona, nu_documento, de_genero, id_tipo_documento) values (568, 'Miguel', 'Irizarry', 'León', '00000568', 'H', '01');
insert into persona (id_persona, no_persona, ap_persona, am_persona, nu_documento, de_genero, id_tipo_documento) values (569, 'Carlota', 'Reséndez', 'Alonso', '00000569', 'M', '01');
insert into persona (id_persona, no_persona, ap_persona, am_persona, nu_documento, de_genero, id_tipo_documento) values (570, 'Iván', 'Estévez', 'Corral', '00000570', 'H', '01');
insert into persona (id_persona, no_persona, ap_persona, am_persona, nu_documento, de_genero, id_tipo_documento) values (571, 'Gracia', 'Olivio', 'Maldonado', '00000571', 'M', '01');
insert into persona (id_persona, no_persona, ap_persona, am_persona, nu_documento, de_genero, id_tipo_documento) values (572, 'Mayte', 'Almanza', 'Gurule', '00000572', 'M', '01');
insert into persona (id_persona, no_persona, ap_persona, am_persona, nu_documento, de_genero, id_tipo_documento) values (573, 'María', 'Villa', 'Morales', '00000573', 'M', '01');
insert into persona (id_persona, no_persona, ap_persona, am_persona, nu_documento, de_genero, id_tipo_documento) values (574, 'Caridad', 'Orellana', 'Gil', '00000574', 'M', '01');
insert into persona (id_persona, no_persona, ap_persona, am_persona, nu_documento, de_genero, id_tipo_documento) values (575, 'Eduardo', 'Montero', 'Longoria', '00000575', 'H', '01');
insert into persona (id_persona, no_persona, ap_persona, am_persona, nu_documento, de_genero, id_tipo_documento) values (576, 'Wilfredo', 'Ordóñez', 'Alfaro', '00000576', 'H', '01');
insert into persona (id_persona, no_persona, ap_persona, am_persona, nu_documento, de_genero, id_tipo_documento) values (577, 'Estela', 'Granado', 'Peres', '00000577', 'M', '01');
insert into persona (id_persona, no_persona, ap_persona, am_persona, nu_documento, de_genero, id_tipo_documento) values (578, 'Guadalupe', 'Guzmán', 'Beltrán', '00000578', 'M', '01');
insert into persona (id_persona, no_persona, ap_persona, am_persona, nu_documento, de_genero, id_tipo_documento) values (579, 'Mariano', 'Reséndez', 'Pulido', '00000579', 'H', '01');
insert into persona (id_persona, no_persona, ap_persona, am_persona, nu_documento, de_genero, id_tipo_documento) values (580, 'Sergio', 'Villarreal', 'Montenegro', '00000580', 'H', '01');
insert into persona (id_persona, no_persona, ap_persona, am_persona, nu_documento, de_genero, id_tipo_documento) values (581, 'Beatriz', 'Olvera', 'Sanches', '00000581', 'M', '01');
insert into persona (id_persona, no_persona, ap_persona, am_persona, nu_documento, de_genero, id_tipo_documento) values (582, 'Eloisa', 'Trejo', 'Rico', '00000582', 'M', '01');
insert into persona (id_persona, no_persona, ap_persona, am_persona, nu_documento, de_genero, id_tipo_documento) values (583, 'Blanca', 'Almaraz', 'Téllez', '00000583', 'M', '01');

insert into trabajador (id_trabajador, id_persona, co_cargo) values (10, 551, 'DO');
insert into trabajador (id_trabajador, id_persona, co_cargo) values (11, 552, 'DO');
insert into trabajador (id_trabajador, id_persona, co_cargo) values (12, 553, 'DO');
insert into trabajador (id_trabajador, id_persona, co_cargo) values (13, 554, 'DO');
insert into trabajador (id_trabajador, id_persona, co_cargo) values (14, 555, 'DO');
insert into trabajador (id_trabajador, id_persona, co_cargo) values (15, 556, 'DO');
insert into trabajador (id_trabajador, id_persona, co_cargo) values (16, 557, 'DO');
insert into trabajador (id_trabajador, id_persona, co_cargo) values (17, 558, 'DO');
insert into trabajador (id_trabajador, id_persona, co_cargo) values (18, 559, 'DO');
insert into trabajador (id_trabajador, id_persona, co_cargo) values (19, 560, 'DO');
insert into trabajador (id_trabajador, id_persona, co_cargo) values (20, 561, 'DO');
insert into trabajador (id_trabajador, id_persona, co_cargo) values (21, 562, 'DO');
insert into trabajador (id_trabajador, id_persona, co_cargo) values (22, 563, 'DO');
insert into trabajador (id_trabajador, id_persona, co_cargo) values (23, 564, 'DO');
insert into trabajador (id_trabajador, id_persona, co_cargo) values (24, 565, 'DO');
insert into trabajador (id_trabajador, id_persona, co_cargo) values (25, 566, 'DO');
insert into trabajador (id_trabajador, id_persona, co_cargo) values (26, 567, 'DO');
insert into trabajador (id_trabajador, id_persona, co_cargo) values (27, 568, 'DO');
insert into trabajador (id_trabajador, id_persona, co_cargo) values (28, 569, 'DO');
insert into trabajador (id_trabajador, id_persona, co_cargo) values (29, 570, 'DO');
insert into trabajador (id_trabajador, id_persona, co_cargo) values (30, 571, 'DO');
insert into trabajador (id_trabajador, id_persona, co_cargo) values (31, 572, 'DO');
insert into trabajador (id_trabajador, id_persona, co_cargo) values (32, 573, 'DO');
insert into trabajador (id_trabajador, id_persona, co_cargo) values (33, 574, 'DO');
insert into trabajador (id_trabajador, id_persona, co_cargo) values (34, 575, 'DO');
insert into trabajador (id_trabajador, id_persona, co_cargo) values (35, 576, 'DO');
insert into trabajador (id_trabajador, id_persona, co_cargo) values (36, 577, 'DO');
insert into trabajador (id_trabajador, id_persona, co_cargo) values (37, 578, 'DO');
insert into trabajador (id_trabajador, id_persona, co_cargo) values (38, 580, 'DO');
insert into trabajador (id_trabajador, id_persona, co_cargo) values (39, 581, 'DO');
insert into trabajador (id_trabajador, id_persona, co_cargo) values (40, 582, 'DO');
insert into trabajador (id_trabajador, id_persona, co_cargo) values (41, 583, 'DO');


insert into planilla (id_planilla, id_periodo_academico, id_trabajador) values (1, 1, 10);
insert into planilla (id_planilla, id_periodo_academico, id_trabajador) values (2, 1, 11);
insert into planilla (id_planilla, id_periodo_academico, id_trabajador) values (3, 1, 12);
insert into planilla (id_planilla, id_periodo_academico, id_trabajador) values (4, 1, 13);
insert into planilla (id_planilla, id_periodo_academico, id_trabajador) values (5, 1, 14);
insert into planilla (id_planilla, id_periodo_academico, id_trabajador) values (6, 1, 15);
insert into planilla (id_planilla, id_periodo_academico, id_trabajador) values (7, 1, 16);
insert into planilla (id_planilla, id_periodo_academico, id_trabajador) values (8, 1, 17);
insert into planilla (id_planilla, id_periodo_academico, id_trabajador) values (9, 1, 18);
insert into planilla (id_planilla, id_periodo_academico, id_trabajador) values (10, 1, 19);
insert into planilla (id_planilla, id_periodo_academico, id_trabajador) values (11, 1, 20);
insert into planilla (id_planilla, id_periodo_academico, id_trabajador) values (12, 1, 21);
insert into planilla (id_planilla, id_periodo_academico, id_trabajador) values (13, 1, 22);
insert into planilla (id_planilla, id_periodo_academico, id_trabajador) values (14, 1, 23);
insert into planilla (id_planilla, id_periodo_academico, id_trabajador) values (15, 1, 24);
insert into planilla (id_planilla, id_periodo_academico, id_trabajador) values (16, 1, 25);
insert into planilla (id_planilla, id_periodo_academico, id_trabajador) values (17, 1, 26);
insert into planilla (id_planilla, id_periodo_academico, id_trabajador) values (18, 1, 27);
insert into planilla (id_planilla, id_periodo_academico, id_trabajador) values (19, 1, 28);
insert into planilla (id_planilla, id_periodo_academico, id_trabajador) values (20, 1, 29);
insert into planilla (id_planilla, id_periodo_academico, id_trabajador) values (21, 1, 30);
insert into planilla (id_planilla, id_periodo_academico, id_trabajador) values (22, 1, 31);
insert into planilla (id_planilla, id_periodo_academico, id_trabajador) values (23, 1, 32);
insert into planilla (id_planilla, id_periodo_academico, id_trabajador) values (24, 1, 33);
insert into planilla (id_planilla, id_periodo_academico, id_trabajador) values (25, 1, 34);
insert into planilla (id_planilla, id_periodo_academico, id_trabajador) values (26, 1, 35);
insert into planilla (id_planilla, id_periodo_academico, id_trabajador) values (27, 1, 36);
insert into planilla (id_planilla, id_periodo_academico, id_trabajador) values (28, 1, 37);
insert into planilla (id_planilla, id_periodo_academico, id_trabajador) values (29, 1, 38);
insert into planilla (id_planilla, id_periodo_academico, id_trabajador) values (30, 1, 39);

insert into planilla (id_planilla, id_periodo_academico, id_trabajador) values (31, 2, 10);
insert into planilla (id_planilla, id_periodo_academico, id_trabajador) values (32, 2, 11);
insert into planilla (id_planilla, id_periodo_academico, id_trabajador) values (33, 2, 12);
insert into planilla (id_planilla, id_periodo_academico, id_trabajador) values (34, 2, 13);
insert into planilla (id_planilla, id_periodo_academico, id_trabajador) values (35, 2, 40);
insert into planilla (id_planilla, id_periodo_academico, id_trabajador) values (36, 2, 15);
insert into planilla (id_planilla, id_periodo_academico, id_trabajador) values (37, 2, 16);
insert into planilla (id_planilla, id_periodo_academico, id_trabajador) values (38, 2, 17);
insert into planilla (id_planilla, id_periodo_academico, id_trabajador) values (39, 2, 18);
insert into planilla (id_planilla, id_periodo_academico, id_trabajador) values (40, 2, 19);
insert into planilla (id_planilla, id_periodo_academico, id_trabajador) values (41, 2, 22);
insert into planilla (id_planilla, id_periodo_academico, id_trabajador) values (42, 2, 23);
insert into planilla (id_planilla, id_periodo_academico, id_trabajador) values (43, 2, 26);
insert into planilla (id_planilla, id_periodo_academico, id_trabajador) values (44, 2, 27);
insert into planilla (id_planilla, id_periodo_academico, id_trabajador) values (45, 2, 28);
insert into planilla (id_planilla, id_periodo_academico, id_trabajador) values (46, 2, 29);
insert into planilla (id_planilla, id_periodo_academico, id_trabajador) values (47, 2, 32);
insert into planilla (id_planilla, id_periodo_academico, id_trabajador) values (48, 2, 33);
insert into planilla (id_planilla, id_periodo_academico, id_trabajador) values (49, 2, 34);
insert into planilla (id_planilla, id_periodo_academico, id_trabajador) values (50, 2, 36);
insert into planilla (id_planilla, id_periodo_academico, id_trabajador) values (51, 2, 38);
insert into planilla (id_planilla, id_periodo_academico, id_trabajador) values (52, 2, 39);

insert into planilla (id_planilla, id_periodo_academico, id_trabajador) values (53, 3, 10);
insert into planilla (id_planilla, id_periodo_academico, id_trabajador) values (54, 3, 11);
insert into planilla (id_planilla, id_periodo_academico, id_trabajador) values (55, 3, 40);
insert into planilla (id_planilla, id_periodo_academico, id_trabajador) values (56, 3, 15);
insert into planilla (id_planilla, id_periodo_academico, id_trabajador) values (57, 3, 16);
insert into planilla (id_planilla, id_periodo_academico, id_trabajador) values (58, 3, 17);
insert into planilla (id_planilla, id_periodo_academico, id_trabajador) values (59, 3, 18);
insert into planilla (id_planilla, id_periodo_academico, id_trabajador) values (60, 3, 19);
insert into planilla (id_planilla, id_periodo_academico, id_trabajador) values (61, 3, 22);
insert into planilla (id_planilla, id_periodo_academico, id_trabajador) values (62, 3, 23);
insert into planilla (id_planilla, id_periodo_academico, id_trabajador) values (63, 3, 26);
insert into planilla (id_planilla, id_periodo_academico, id_trabajador) values (64, 3, 27);
insert into planilla (id_planilla, id_periodo_academico, id_trabajador) values (65, 3, 28);
insert into planilla (id_planilla, id_periodo_academico, id_trabajador) values (66, 3, 29);
insert into planilla (id_planilla, id_periodo_academico, id_trabajador) values (67, 3, 33);
insert into planilla (id_planilla, id_periodo_academico, id_trabajador) values (68, 3, 34);
insert into planilla (id_planilla, id_periodo_academico, id_trabajador) values (69, 3, 41);
insert into planilla (id_planilla, id_periodo_academico, id_trabajador) values (70, 3, 36);
insert into planilla (id_planilla, id_periodo_academico, id_trabajador) values (71, 3, 38);
insert into planilla (id_planilla, id_periodo_academico, id_trabajador) values (72, 3, 39);


